 FW Part Number: 2000195 v1.3,,,,,,,,,
 LUT Part Number: SN1614 v0.0.4,,,,,,,,,
 ,,,,,,,,,
mm-dd,hh:mm:ss,SmO2 Live,SmO2 Averaged,THb,Lap,Session Ct,,,
06-Feb,13:15:26,50,55,12.86,5,717,,,
06-Feb,13:15:28,48,53,12.86,5,717,,,
06-Feb,13:15:30,50,52,12.85,5,717,,,
06-Feb,13:15:32,49,51,12.85,5,717,,,
06-Feb,13:15:34,50,49,12.82,5,717,,,
06-Feb,13:15:36,52,50,12.83,5,717,,,
06-Feb,13:15:38,50,50,12.82,5,717,,,
06-Feb,13:15:40,55,51,12.83,5,717,,,
06-Feb,13:15:42,54,52,12.82,5,717,,,
06-Feb,13:15:44,50,52,12.84,5,717,,,
06-Feb,13:15:46,49,52,12.83,5,717,,,
06-Feb,13:15:48,48,51,12.82,5,717,,,
06-Feb,13:15:50,49,50,12.82,5,717,,,
06-Feb,13:15:52,48,49,12.83,5,717,,,
06-Feb,13:15:54,51,49,12.83,5,717,,,
06-Feb,13:15:56,52,50,12.86,5,717,,,
06-Feb,13:15:58,46,49,12.86,5,717,,,
06-Feb,13:16:00,51,50,12.85,5,717,,,
06-Feb,13:16:02,49,50,12.85,5,717,,,
06-Feb,13:16:04,51,50,12.84,5,717,,,
06-Feb,13:16:06,49,49,12.84,5,717,,,
06-Feb,13:16:08,53,51,12.85,5,717,,,
06-Feb,13:16:10,54,51,12.86,5,717,,,
06-Feb,13:16:12,52,52,12.86,5,717,,,
06-Feb,13:16:14,52,52,12.87,5,717,,,
06-Feb,13:16:16,52,53,12.88,5,717,,,
06-Feb,13:16:18,46,51,12.87,5,717,,,
06-Feb,13:16:20,51,50,12.87,5,717,,,
06-Feb,13:16:22,53,51,12.86,5,717,,,
06-Feb,13:16:24,47,50,12.84,5,717,,,
06-Feb,13:16:26,55,50,12.84,5,717,,,
06-Feb,13:16:28,54,52,12.85,5,717,,,
06-Feb,13:16:30,49,52,12.85,5,717,,,
06-Feb,13:16:40,46,46,12.82,6,718,,,
06-Feb,13:16:42,50,50,12.87,6,718,,,
06-Feb,13:16:44,49,49,12.85,6,718,,,
06-Feb,13:16:46,52,52,12.87,6,718,,,
06-Feb,13:16:48,49,49,12.8,6,718,,,
06-Feb,13:16:50,53,50,12.86,6,718,,,
06-Feb,13:16:52,56,52,12.86,6,718,,,
06-Feb,13:16:54,56,53,12.87,6,718,,,
06-Feb,13:16:56,52,53,12.88,6,718,,,
06-Feb,13:16:58,48,53,12.91,6,718,,,
06-Feb,13:17:13,56,56,13.01,7,719,,,
06-Feb,13:17:15,55,55,12.89,7,719,,,
06-Feb,13:17:17,53,53,12.84,7,719,,,
06-Feb,13:17:19,54,54,12.91,7,719,,,
06-Feb,13:17:21,53,53,12.86,7,719,,,
06-Feb,13:17:23,51,53,12.89,7,719,,,
06-Feb,13:17:25,54,53,12.89,7,719,,,
06-Feb,13:17:27,58,54,12.88,7,719,,,
06-Feb,13:17:29,60,55,12.87,7,719,,,
06-Feb,13:17:31,61,57,12.87,7,719,,,
06-Feb,13:17:33,61,59,12.87,7,719,,,
06-Feb,13:17:35,60,60,12.87,7,719,,,
06-Feb,13:17:37,58,60,12.9,7,719,,,
06-Feb,13:17:39,57,60,12.91,7,719,,,
06-Feb,13:17:41,55,58,12.9,7,719,,,
06-Feb,13:17:43,51,56,12.87,7,719,,,
06-Feb,13:17:45,52,55,12.85,7,719,,,
06-Feb,13:17:47,56,54,12.85,7,719,,,
06-Feb,13:17:49,56,54,12.84,7,719,,,
06-Feb,13:17:51,54,54,12.85,7,719,,,
06-Feb,13:17:53,51,54,12.86,7,719,,,
06-Feb,13:17:55,52,54,12.86,7,719,,,
06-Feb,13:17:57,51,53,12.83,7,719,,,
06-Feb,13:17:59,54,53,12.83,7,719,,,
06-Feb,13:18:01,51,52,12.82,7,719,,,
06-Feb,13:18:03,53,52,12.85,7,719,,,
06-Feb,13:18:05,50,52,12.84,7,719,,,
06-Feb,13:18:07,48,51,12.85,7,719,,,
06-Feb,13:18:09,50,50,12.84,7,719,,,
06-Feb,13:18:11,52,51,12.85,7,719,,,
06-Feb,13:18:13,54,51,12.84,7,719,,,
06-Feb,13:18:15,54,52,12.86,7,719,,,
06-Feb,13:18:17,55,53,12.87,7,719,,,
06-Feb,13:18:19,54,54,12.89,7,719,,,
06-Feb,13:18:21,53,54,12.9,7,719,,,
06-Feb,13:18:23,52,54,12.89,7,719,,,
06-Feb,13:18:25,50,53,12.88,7,719,,,
06-Feb,13:18:27,53,52,12.87,7,719,,,
06-Feb,13:18:29,54,52,12.86,7,719,,,
06-Feb,13:18:31,51,52,12.85,7,719,,,
06-Feb,13:18:33,49,52,12.86,7,719,,,
06-Feb,13:18:35,51,52,12.88,7,719,,,
06-Feb,13:18:37,49,51,12.88,7,719,,,
06-Feb,13:18:39,50,50,12.88,7,719,,,
06-Feb,13:18:41,50,50,12.88,7,719,,,
06-Feb,13:18:43,49,50,12.86,7,719,,,
06-Feb,13:18:45,54,50,12.86,7,719,,,
06-Feb,13:18:47,49,50,12.85,7,719,,,
06-Feb,13:18:49,49,50,12.83,7,719,,,
06-Feb,13:18:51,54,51,12.83,7,719,,,
06-Feb,13:18:53,43,50,12.81,7,719,,,
06-Feb,13:18:55,44,48,12.78,7,719,,,
06-Feb,13:18:57,47,47,12.79,7,719,,,
06-Feb,13:18:59,43,46,12.78,7,719,,,
06-Feb,13:19:01,47,45,12.77,7,719,,,
06-Feb,13:19:03,46,45,12.79,7,719,,,
06-Feb,13:19:05,50,47,12.81,7,719,,,
06-Feb,13:19:07,52,48,12.81,7,719,,,
06-Feb,13:19:09,52,49,12.83,7,719,,,
06-Feb,13:19:11,53,51,12.85,7,719,,,
06-Feb,13:19:13,52,52,12.87,7,719,,,
06-Feb,13:19:15,51,52,12.86,7,719,,,
06-Feb,13:19:17,52,52,12.87,7,719,,,
06-Feb,13:19:19,55,53,12.89,7,719,,,
06-Feb,13:19:21,55,53,12.88,7,719,,,
06-Feb,13:19:23,45,52,12.87,7,719,,,
06-Feb,13:19:25,34,48,12.87,7,719,,,
06-Feb,13:19:27,31,44,12.86,7,719,,,
06-Feb,13:19:29,24,38,12.84,7,719,,,
06-Feb,13:19:31,30,33,12.84,7,719,,,
06-Feb,13:19:33,29,30,12.85,7,719,,,
06-Feb,13:19:35,26,28,12.85,7,719,,,
06-Feb,13:19:37,22,26,12.85,7,719,,,
06-Feb,13:19:39,22,26,12.86,7,719,,,
06-Feb,13:19:41,25,25,12.86,7,719,,,
06-Feb,13:19:43,24,24,12.86,7,719,,,
06-Feb,13:19:45,25,23,12.87,7,719,,,
06-Feb,13:19:47,17,22,12.86,7,719,,,
06-Feb,13:19:49,22,22,12.87,7,719,,,
06-Feb,13:19:51,20,21,12.87,7,719,,,
06-Feb,13:19:53,21,21,12.87,7,719,,,
06-Feb,13:19:55,17,19,12.86,7,719,,,
06-Feb,13:19:57,19,20,12.87,7,719,,,
06-Feb,13:19:59,23,20,12.87,7,719,,,
06-Feb,13:20:01,19,20,12.88,7,719,,,
06-Feb,13:20:03,22,20,12.89,7,719,,,
06-Feb,13:20:05,13,19,12.9,7,719,,,
06-Feb,13:20:07,14,18,12.9,7,719,,,
06-Feb,13:20:09,17,17,12.9,7,719,,,
06-Feb,13:20:11,14,16,12.9,7,719,,,
06-Feb,13:20:13,17,15,12.89,7,719,,,
06-Feb,13:20:15,15,15,12.88,7,719,,,
06-Feb,13:20:17,20,16,12.89,7,719,,,
06-Feb,13:20:19,20,17,12.88,7,719,,,
06-Feb,13:20:21,11,16,12.88,7,719,,,
06-Feb,13:20:23,16,16,12.89,7,719,,,
06-Feb,13:20:25,15,16,12.89,7,719,,,
06-Feb,13:20:27,8,14,12.87,7,719,,,
06-Feb,13:20:29,13,13,12.86,7,719,,,
06-Feb,13:20:31,23,15,12.87,7,719,,,
06-Feb,13:20:33,16,15,12.86,7,719,,,
06-Feb,13:20:35,18,15,12.86,7,719,,,
06-Feb,13:20:37,14,17,12.88,7,719,,,
06-Feb,13:20:39,15,17,12.87,7,719,,,
06-Feb,13:20:41,20,16,12.87,7,719,,,
06-Feb,13:20:43,19,17,12.87,7,719,,,
06-Feb,13:20:45,18,17,12.86,7,719,,,
06-Feb,13:20:47,27,20,12.88,7,719,,,
06-Feb,13:20:49,21,21,12.89,7,719,,,
06-Feb,13:20:51,18,20,12.88,7,719,,,
06-Feb,13:20:53,17,20,12.89,7,719,,,
06-Feb,13:20:55,20,20,12.9,7,719,,,
06-Feb,13:20:57,14,18,12.89,7,719,,,
06-Feb,13:20:59,8,15,12.87,7,719,,,
06-Feb,13:21:01,21,16,12.88,7,719,,,
06-Feb,13:21:03,24,17,12.87,7,719,,,
06-Feb,13:21:05,23,18,12.88,7,719,,,
06-Feb,13:21:07,24,20,12.88,7,719,,,
06-Feb,13:21:09,18,22,12.9,7,719,,,
06-Feb,13:21:11,27,23,12.91,7,719,,,
06-Feb,13:21:13,19,22,12.91,7,719,,,
06-Feb,13:21:15,22,22,12.9,7,719,,,
06-Feb,13:21:17,23,22,12.9,7,719,,,
06-Feb,13:21:19,24,23,12.9,7,719,,,
06-Feb,13:21:21,19,21,12.88,7,719,,,
06-Feb,13:21:23,17,21,12.88,7,719,,,
06-Feb,13:21:25,12,19,12.86,7,719,,,
06-Feb,13:21:27,17,18,12.85,7,719,,,
06-Feb,13:21:29,24,18,12.85,7,719,,,
06-Feb,13:21:31,12,16,12.84,7,719,,,
06-Feb,13:21:33,24,18,12.85,7,719,,,
06-Feb,13:21:35,29,21,12.88,7,719,,,
06-Feb,13:21:37,22,22,12.89,7,719,,,
06-Feb,13:21:39,18,21,12.88,7,719,,,
06-Feb,13:21:41,19,22,12.9,7,719,,,
06-Feb,13:21:43,16,21,12.88,7,719,,,
06-Feb,13:21:45,10,17,12.84,7,719,,,
06-Feb,13:21:47,23,17,12.83,7,719,,,
06-Feb,13:21:49,21,18,12.83,7,719,,,
06-Feb,13:21:51,21,18,12.82,7,719,,,
06-Feb,13:21:53,25,20,12.84,7,719,,,
06-Feb,13:21:55,29,24,12.88,7,719,,,
06-Feb,13:21:57,21,23,12.88,7,719,,,
06-Feb,13:21:59,25,24,12.88,7,719,,,
06-Feb,13:22:01,23,25,12.88,7,719,,,
06-Feb,13:22:03,23,24,12.87,7,719,,,
06-Feb,13:22:05,23,23,12.84,7,719,,,
06-Feb,13:22:07,22,23,12.84,7,719,,,
06-Feb,13:22:09,30,24,12.86,7,719,,,
06-Feb,13:22:11,17,23,12.84,7,719,,,
06-Feb,13:22:13,22,23,12.85,7,719,,,
06-Feb,13:22:15,14,21,12.84,7,719,,,
06-Feb,13:22:17,22,21,12.85,7,719,,,
06-Feb,13:22:19,15,18,12.82,7,719,,,
06-Feb,13:22:21,27,20,12.84,7,719,,,
06-Feb,13:22:23,19,19,12.83,7,719,,,
06-Feb,13:22:25,22,21,12.84,7,719,,,
06-Feb,13:22:27,21,21,12.84,7,719,,,
06-Feb,13:22:29,26,23,12.86,7,719,,,
06-Feb,13:22:31,11,20,12.83,7,719,,,
06-Feb,13:22:33,22,21,12.83,7,719,,,
06-Feb,13:22:35,21,20,12.82,7,719,,,
06-Feb,13:22:37,27,22,12.82,7,719,,,
06-Feb,13:22:39,24,21,12.82,7,719,,,
06-Feb,13:22:41,25,24,12.85,7,719,,,
06-Feb,13:22:43,17,23,12.84,7,719,,,
06-Feb,13:22:45,24,23,12.86,7,719,,,
06-Feb,13:22:47,20,22,12.86,7,719,,,
06-Feb,13:22:49,18,21,12.85,7,719,,,
06-Feb,13:22:51,19,20,12.83,7,719,,,
06-Feb,13:22:53,27,22,12.84,7,719,,,
06-Feb,13:22:55,26,22,12.84,7,719,,,
06-Feb,13:22:57,23,23,12.84,7,719,,,
06-Feb,13:22:59,20,23,12.83,7,719,,,
06-Feb,13:23:01,20,23,12.82,7,719,,,
06-Feb,13:23:03,23,22,12.82,7,719,,,
06-Feb,13:23:05,6,18,12.79,7,719,,,
06-Feb,13:23:07,21,18,12.79,7,719,,,
06-Feb,13:23:09,23,19,12.81,7,719,,,
06-Feb,13:23:11,23,19,12.83,7,719,,,
06-Feb,13:23:13,10,17,12.8,7,719,,,
06-Feb,13:23:15,17,19,12.82,7,719,,,
06-Feb,13:23:17,18,18,12.81,7,719,,,
06-Feb,13:23:19,33,20,12.82,7,719,,,
06-Feb,13:23:21,27,21,12.82,7,719,,,
06-Feb,13:23:23,29,25,12.84,7,719,,,
06-Feb,13:23:25,24,26,12.84,7,719,,,
06-Feb,13:23:27,30,29,12.85,7,719,,,
06-Feb,13:23:29,33,29,12.83,7,719,,,
06-Feb,13:23:31,29,29,12.82,7,719,,,
06-Feb,13:23:33,31,30,12.79,7,719,,,
06-Feb,13:23:35,42,33,12.79,7,719,,,
06-Feb,13:23:37,49,37,12.81,7,719,,,
06-Feb,13:23:39,52,41,12.81,7,719,,,
06-Feb,13:23:41,54,46,12.82,7,719,,,
06-Feb,13:23:43,57,51,12.84,7,719,,,
06-Feb,13:23:45,60,54,12.84,7,719,,,
06-Feb,13:23:47,59,57,12.83,7,719,,,
06-Feb,13:23:49,60,58,12.81,7,719,,,
06-Feb,13:23:51,66,61,12.85,7,719,,,
06-Feb,13:23:53,60,61,12.85,7,719,,,
06-Feb,13:23:55,59,61,12.82,7,719,,,
06-Feb,13:23:57,65,62,12.83,7,719,,,
06-Feb,13:23:59,67,64,12.84,7,719,,,
06-Feb,13:24:01,62,63,12.78,7,719,,,
06-Feb,13:24:03,70,65,12.81,7,719,,,
06-Feb,13:24:05,70,67,12.86,7,719,,,
06-Feb,13:24:07,71,68,12.87,7,719,,,
06-Feb,13:24:09,69,68,12.9,7,719,,,
06-Feb,13:24:11,69,70,12.93,7,719,,,
06-Feb,13:24:13,62,68,12.91,7,719,,,
06-Feb,13:24:15,60,66,12.87,7,719,,,
06-Feb,13:24:17,68,66,12.88,7,719,,,
06-Feb,13:24:19,71,66,12.85,7,719,,,
06-Feb,13:24:21,68,66,12.84,7,719,,,
06-Feb,13:24:23,67,67,12.85,7,719,,,
06-Feb,13:24:25,61,67,12.83,7,719,,,
06-Feb,13:24:27,67,67,12.83,7,719,,,
06-Feb,13:24:29,63,65,12.8,7,719,,,
06-Feb,13:24:31,68,65,12.81,7,719,,,
06-Feb,13:24:33,67,65,12.81,7,719,,,
06-Feb,13:24:35,66,66,12.83,7,719,,,
06-Feb,13:24:37,62,65,12.79,7,719,,,
06-Feb,13:24:39,62,65,12.8,7,719,,,
06-Feb,13:24:41,59,63,12.79,7,719,,,
06-Feb,13:24:43,62,62,12.76,7,719,,,
06-Feb,13:24:45,58,61,12.76,7,719,,,
06-Feb,13:24:47,63,61,12.77,7,719,,,
06-Feb,13:24:49,62,61,12.77,7,719,,,
06-Feb,13:24:51,67,62,12.78,7,719,,,
06-Feb,13:24:53,61,62,12.77,7,719,,,
06-Feb,13:24:55,61,63,12.79,7,719,,,
06-Feb,13:24:57,59,62,12.78,7,719,,,
06-Feb,13:24:59,63,62,12.79,7,719,,,
06-Feb,13:25:01,61,61,12.79,7,719,,,
06-Feb,13:25:03,61,61,12.78,7,719,,,
06-Feb,13:25:05,63,61,12.81,7,719,,,
06-Feb,13:25:07,61,62,12.83,7,719,,,
06-Feb,13:25:09,58,61,12.82,7,719,,,
06-Feb,13:25:11,61,61,12.8,7,719,,,
06-Feb,13:25:13,61,61,12.81,7,719,,,
06-Feb,13:25:15,61,60,12.78,7,719,,,
06-Feb,13:25:17,57,60,12.75,7,719,,,
06-Feb,13:25:19,59,60,12.77,7,719,,,
06-Feb,13:25:21,50,57,12.75,7,719,,,
06-Feb,13:25:23,59,57,12.73,7,719,,,
06-Feb,13:25:25,54,56,12.73,7,719,,,
06-Feb,13:25:27,50,54,12.74,7,719,,,
06-Feb,13:25:29,47,52,12.75,7,719,,,
06-Feb,13:25:31,40,50,12.78,7,719,,,
06-Feb,13:25:33,39,46,12.8,7,719,,,
06-Feb,13:25:35,30,41,12.81,7,719,,,
06-Feb,13:25:37,26,36,12.8,7,719,,,
06-Feb,13:25:39,29,33,12.8,7,719,,,
06-Feb,13:25:41,28,30,12.79,7,719,,,
06-Feb,13:25:43,12,25,12.76,7,719,,,
06-Feb,13:25:45,27,24,12.76,7,719,,,
06-Feb,13:25:47,26,24,12.77,7,719,,,
06-Feb,13:25:49,24,23,12.78,7,719,,,
06-Feb,13:25:51,7,19,12.76,7,719,,,
06-Feb,13:25:53,22,21,12.79,7,719,,,
06-Feb,13:25:55,22,20,12.8,7,719,,,
06-Feb,13:25:57,19,19,12.79,7,719,,,
06-Feb,13:25:59,11,16,12.78,7,719,,,
06-Feb,13:26:01,33,22,12.83,7,719,,,
06-Feb,13:26:03,16,20,12.82,7,719,,,
06-Feb,13:26:05,24,21,12.82,7,719,,,
06-Feb,13:26:07,26,22,12.83,7,719,,,
06-Feb,13:26:09,24,25,12.85,7,719,,,
06-Feb,13:26:11,29,24,12.86,7,719,,,
06-Feb,13:26:13,23,25,12.9,7,719,,,
06-Feb,13:26:15,13,23,12.89,7,719,,,
06-Feb,13:26:17,15,21,12.87,7,719,,,
06-Feb,13:26:19,26,21,12.87,7,719,,,
06-Feb,13:26:21,20,19,12.83,7,719,,,
06-Feb,13:26:23,22,19,12.81,7,719,,,
06-Feb,13:26:25,25,21,12.83,7,719,,,
06-Feb,13:26:27,24,23,12.84,7,719,,,
06-Feb,13:26:29,23,23,12.84,7,719,,,
06-Feb,13:26:31,15,22,12.83,7,719,,,
06-Feb,13:26:33,21,21,12.83,7,719,,,
06-Feb,13:26:35,19,20,12.82,7,719,,,
06-Feb,13:26:37,17,19,12.82,7,719,,,
06-Feb,13:26:39,23,19,12.82,7,719,,,
06-Feb,13:26:41,28,22,12.86,7,719,,,
06-Feb,13:26:43,21,22,12.87,7,719,,,
06-Feb,13:26:45,20,22,12.86,7,719,,,
06-Feb,13:26:47,23,23,12.87,7,719,,,
06-Feb,13:26:49,19,22,12.86,7,719,,,
06-Feb,13:26:51,23,21,12.84,7,719,,,
06-Feb,13:26:53,15,20,12.83,7,719,,,
06-Feb,13:26:55,19,20,12.85,7,719,,,
06-Feb,13:26:57,24,20,12.87,7,719,,,
06-Feb,13:26:59,21,20,12.87,7,719,,,
06-Feb,13:27:01,21,20,12.87,7,719,,,
06-Feb,13:27:03,27,23,12.9,7,719,,,
06-Feb,13:27:05,19,23,12.89,7,719,,,
06-Feb,13:27:07,22,22,12.89,7,719,,,
06-Feb,13:27:09,29,24,12.9,7,719,,,
06-Feb,13:27:11,23,24,12.91,7,719,,,
06-Feb,13:27:13,19,22,12.89,7,719,,,
06-Feb,13:27:15,18,22,12.89,7,719,,,
06-Feb,13:27:17,16,21,12.87,7,719,,,
06-Feb,13:27:19,26,20,12.86,7,719,,,
06-Feb,13:27:21,22,20,12.85,7,719,,,
06-Feb,13:27:23,31,23,12.87,7,719,,,
06-Feb,13:27:25,20,23,12.87,7,719,,,
06-Feb,13:27:27,14,22,12.86,7,719,,,
06-Feb,13:27:29,22,22,12.85,7,719,,,
06-Feb,13:27:31,27,23,12.86,7,719,,,
06-Feb,13:27:33,15,20,12.84,7,719,,,
06-Feb,13:27:35,19,19,12.85,7,719,,,
06-Feb,13:27:37,21,21,12.86,7,719,,,
06-Feb,13:27:39,24,21,12.87,7,719,,,
06-Feb,13:27:41,21,20,12.86,7,719,,,
06-Feb,13:27:43,23,22,12.88,7,719,,,
06-Feb,13:27:45,26,23,12.88,7,719,,,
06-Feb,13:27:47,22,23,12.88,7,719,,,
06-Feb,13:27:49,0,18,12.84,7,719,,,
06-Feb,13:27:51,22,18,12.82,7,719,,,
06-Feb,13:27:53,21,18,12.81,7,719,,,
06-Feb,13:27:55,19,17,12.8,7,719,,,
06-Feb,13:27:57,9,14,12.77,7,719,,,
06-Feb,13:27:59,9,16,12.79,7,719,,,
06-Feb,13:28:01,16,15,12.79,7,719,,,
06-Feb,13:28:03,18,14,12.79,7,719,,,
06-Feb,13:28:05,14,13,12.79,7,719,,,
06-Feb,13:28:07,14,14,12.79,7,719,,,
06-Feb,13:28:09,26,18,12.81,7,719,,,
06-Feb,13:28:11,24,19,12.82,7,719,,,
06-Feb,13:28:13,20,20,12.83,7,719,,,
06-Feb,13:28:15,20,21,12.83,7,719,,,
06-Feb,13:28:17,20,22,12.86,7,719,,,
06-Feb,13:28:19,18,20,12.85,7,719,,,
06-Feb,13:28:21,18,19,12.85,7,719,,,
06-Feb,13:28:23,17,19,12.86,7,719,,,
06-Feb,13:28:25,23,19,12.88,7,719,,,
06-Feb,13:28:27,26,20,12.86,7,719,,,
06-Feb,13:28:29,32,23,12.88,7,719,,,
06-Feb,13:28:31,19,23,12.88,7,719,,,
06-Feb,13:28:33,18,23,12.87,7,719,,,
06-Feb,13:28:35,23,24,12.87,7,719,,,
06-Feb,13:28:37,18,22,12.87,7,719,,,
06-Feb,13:28:39,23,20,12.85,7,719,,,
06-Feb,13:28:41,25,21,12.86,7,719,,,
06-Feb,13:28:43,20,22,12.87,7,719,,,
06-Feb,13:28:45,23,22,12.85,7,719,,,
06-Feb,13:28:47,27,23,12.87,7,719,,,
06-Feb,13:28:49,22,23,12.87,7,719,,,
06-Feb,13:28:51,18,22,12.84,7,719,,,
06-Feb,13:28:53,26,23,12.84,7,719,,,
06-Feb,13:28:55,24,23,12.84,7,719,,,
06-Feb,13:28:57,30,24,12.85,7,719,,,
06-Feb,13:28:59,16,23,12.84,7,719,,,
06-Feb,13:29:01,27,25,12.87,7,719,,,
06-Feb,13:29:03,19,23,12.87,7,719,,,
06-Feb,13:29:05,23,23,12.87,7,719,,,
06-Feb,13:29:07,26,22,12.86,7,719,,,
06-Feb,13:29:09,16,22,12.84,7,719,,,
06-Feb,13:29:11,27,22,12.83,7,719,,,
06-Feb,13:29:13,17,22,12.83,7,719,,,
06-Feb,13:29:15,15,20,12.81,7,719,,,
06-Feb,13:29:17,27,20,12.81,7,719,,,
06-Feb,13:29:19,15,20,12.82,7,719,,,
06-Feb,13:29:21,24,20,12.82,7,719,,,
06-Feb,13:29:23,19,20,12.83,7,719,,,
06-Feb,13:29:25,24,22,12.84,7,719,,,
06-Feb,13:29:27,25,21,12.84,7,719,,,
06-Feb,13:29:29,21,23,12.85,7,719,,,
06-Feb,13:29:31,25,23,12.84,7,719,,,
06-Feb,13:29:33,29,25,12.84,7,719,,,
06-Feb,13:29:35,38,28,12.87,7,719,,,
06-Feb,13:29:37,34,30,12.86,7,719,,,
06-Feb,13:29:39,41,34,12.86,7,719,,,
06-Feb,13:29:41,46,38,12.87,7,719,,,
06-Feb,13:29:43,49,42,12.85,7,719,,,
06-Feb,13:29:45,54,45,12.85,7,719,,,
06-Feb,13:29:47,60,50,12.87,7,719,,,
06-Feb,13:29:49,62,54,12.89,7,719,,,
06-Feb,13:29:51,65,58,12.91,7,719,,,
06-Feb,13:29:53,66,61,12.94,7,719,,,
06-Feb,13:29:55,65,64,12.92,7,719,,,
06-Feb,13:29:57,69,65,12.94,7,719,,,
06-Feb,13:29:59,69,67,12.94,7,719,,,
06-Feb,13:30:01,66,67,12.92,7,719,,,
06-Feb,13:30:03,68,68,12.91,7,719,,,
06-Feb,13:30:05,73,69,12.94,7,719,,,
06-Feb,13:30:07,69,69,12.91,7,719,,,
06-Feb,13:30:09,70,69,12.91,7,719,,,
06-Feb,13:30:11,68,70,12.89,7,719,,,
06-Feb,13:30:13,67,69,12.89,7,719,,,
06-Feb,13:30:15,70,69,12.86,7,719,,,
06-Feb,13:30:17,68,69,12.86,7,719,,,
06-Feb,13:30:19,69,69,12.86,7,719,,,
06-Feb,13:30:21,67,68,12.88,7,719,,,
06-Feb,13:30:23,67,68,12.89,7,719,,,
06-Feb,13:30:25,67,68,12.9,7,719,,,
06-Feb,13:30:27,65,67,12.92,7,719,,,
06-Feb,13:30:29,64,66,12.86,7,719,,,
06-Feb,13:30:31,67,66,12.88,7,719,,,
06-Feb,13:30:33,67,66,12.88,7,719,,,
06-Feb,13:30:35,67,66,12.88,7,719,,,
06-Feb,13:30:37,64,66,12.86,7,719,,,
06-Feb,13:30:39,63,66,12.88,7,719,,,
06-Feb,13:30:41,60,64,12.85,7,719,,,
06-Feb,13:30:43,61,63,12.84,7,719,,,
06-Feb,13:30:45,61,62,12.8,7,719,,,
06-Feb,13:30:47,66,62,12.8,7,719,,,
06-Feb,13:30:49,62,62,12.78,7,719,,,
06-Feb,13:30:51,54,61,12.77,7,719,,,
06-Feb,13:30:53,58,60,12.77,7,719,,,
06-Feb,13:30:55,61,60,12.79,7,719,,,
06-Feb,13:30:57,61,59,12.76,7,719,,,
06-Feb,13:30:59,56,58,12.74,7,719,,,
06-Feb,13:31:01,58,59,12.77,7,719,,,
06-Feb,13:31:03,57,59,12.75,7,719,,,
06-Feb,13:31:05,54,57,12.72,7,719,,,
06-Feb,13:31:07,63,58,12.77,7,719,,,
06-Feb,13:31:09,62,59,12.79,7,719,,,
06-Feb,13:31:11,63,60,12.82,7,719,,,
06-Feb,13:31:13,57,60,12.83,7,719,,,
06-Feb,13:31:15,64,62,12.86,7,719,,,
06-Feb,13:31:17,61,61,12.86,7,719,,,
06-Feb,13:31:19,51,59,12.81,7,719,,,
06-Feb,13:31:21,59,58,12.8,7,719,,,
06-Feb,13:31:23,61,59,12.81,7,719,,,
06-Feb,13:31:25,59,58,12.83,7,719,,,
06-Feb,13:31:27,53,56,12.81,7,719,,,
06-Feb,13:31:29,42,54,12.86,7,719,,,
06-Feb,13:31:31,36,50,12.85,7,719,,,
06-Feb,13:31:33,25,43,12.83,7,719,,,
06-Feb,13:31:35,23,36,12.8,7,719,,,
06-Feb,13:31:37,22,30,12.78,7,719,,,
06-Feb,13:31:39,27,27,12.77,7,719,,,
06-Feb,13:31:41,30,26,12.78,7,719,,,
06-Feb,13:31:43,7,22,12.75,7,719,,,
06-Feb,13:31:45,8,19,12.74,7,719,,,
06-Feb,13:31:47,18,18,12.77,7,719,,,
06-Feb,13:31:49,24,18,12.77,7,719,,,
06-Feb,13:31:51,25,17,12.77,7,719,,,
06-Feb,13:31:53,18,19,12.78,7,719,,,
06-Feb,13:31:55,17,21,12.79,7,719,,,
06-Feb,13:31:57,26,22,12.8,7,719,,,
06-Feb,13:31:59,12,20,12.78,7,719,,,
06-Feb,13:32:01,19,18,12.79,7,719,,,
06-Feb,13:32:03,7,16,12.79,7,719,,,
06-Feb,13:32:05,10,15,12.8,7,719,,,
06-Feb,13:32:07,7,11,12.77,7,719,,,
06-Feb,13:32:09,19,12,12.79,7,719,,,
06-Feb,13:32:11,14,12,12.78,7,719,,,
06-Feb,13:32:13,26,15,12.79,7,719,,,
06-Feb,13:32:15,22,18,12.8,7,719,,,
06-Feb,13:32:17,15,19,12.82,7,719,,,
06-Feb,13:32:19,17,19,12.82,7,719,,,
06-Feb,13:32:21,12,18,12.82,7,719,,,
06-Feb,13:32:23,11,15,12.8,7,719,,,
06-Feb,13:32:25,19,15,12.79,7,719,,,
06-Feb,13:32:27,18,15,12.81,7,719,,,
06-Feb,13:32:29,21,16,12.81,7,719,,,
06-Feb,13:32:31,19,18,12.82,7,719,,,
06-Feb,13:32:33,15,19,12.84,7,719,,,
06-Feb,13:32:35,16,18,12.85,7,719,,,
06-Feb,13:32:37,21,18,12.84,7,719,,,
06-Feb,13:32:39,22,18,12.84,7,719,,,
06-Feb,13:32:41,23,19,12.85,7,719,,,
06-Feb,13:32:43,18,20,12.85,7,719,,,
06-Feb,13:32:45,19,21,12.84,7,719,,,
06-Feb,13:32:47,11,18,12.83,7,719,,,
06-Feb,13:32:49,19,18,12.82,7,719,,,
06-Feb,13:32:51,20,17,12.8,7,719,,,
06-Feb,13:32:53,13,16,12.79,7,719,,,
06-Feb,13:32:55,22,17,12.8,7,719,,,
06-Feb,13:32:57,9,16,12.79,7,719,,,
06-Feb,13:32:59,23,17,12.79,7,719,,,
06-Feb,13:33:01,19,17,12.8,7,719,,,
06-Feb,13:33:03,20,18,12.81,7,719,,,
06-Feb,13:33:05,16,17,12.8,7,719,,,
06-Feb,13:33:07,23,20,12.83,7,719,,,
06-Feb,13:33:09,12,18,12.81,7,719,,,
06-Feb,13:33:11,22,18,12.82,7,719,,,
06-Feb,13:33:13,13,17,12.82,7,719,,,
06-Feb,13:33:15,5,15,12.8,7,719,,,
06-Feb,13:33:17,11,12,12.78,7,719,,,
06-Feb,13:33:19,19,14,12.8,7,719,,,
06-Feb,13:33:21,23,14,12.79,7,719,,,
06-Feb,13:33:23,19,15,12.8,7,719,,,
06-Feb,13:33:25,14,17,12.81,7,719,,,
06-Feb,13:33:27,25,20,12.84,7,719,,,
06-Feb,13:33:29,21,20,12.84,7,719,,,
06-Feb,13:33:31,19,20,12.85,7,719,,,
06-Feb,13:33:33,15,19,12.85,7,719,,,
06-Feb,13:33:35,25,21,12.87,7,719,,,
06-Feb,13:33:37,21,20,12.87,7,719,,,
06-Feb,13:33:39,23,21,12.87,7,719,,,
06-Feb,13:33:41,20,21,12.87,7,719,,,
06-Feb,13:33:43,21,22,12.88,7,719,,,
06-Feb,13:33:45,19,21,12.86,7,719,,,
06-Feb,13:33:47,17,20,12.85,7,719,,,
06-Feb,13:33:49,22,20,12.85,7,719,,,
06-Feb,13:33:51,26,21,12.85,7,719,,,
06-Feb,13:33:53,26,22,12.87,7,719,,,
06-Feb,13:33:55,17,22,12.86,7,719,,,
06-Feb,13:33:57,29,24,12.88,7,719,,,
06-Feb,13:33:59,25,25,12.89,7,719,,,
06-Feb,13:34:01,24,24,12.89,7,719,,,
06-Feb,13:34:03,18,23,12.86,7,719,,,
06-Feb,13:34:05,24,24,12.87,7,719,,,
06-Feb,13:34:07,26,24,12.86,7,719,,,
06-Feb,13:34:09,27,24,12.86,7,719,,,
06-Feb,13:34:11,23,24,12.86,7,719,,,
06-Feb,13:34:13,24,25,12.88,7,719,,,
06-Feb,13:34:15,10,22,12.86,7,719,,,
06-Feb,13:34:17,26,22,12.86,7,719,,,
06-Feb,13:34:19,24,22,12.86,7,719,,,
06-Feb,13:34:21,18,20,12.85,7,719,,,
06-Feb,13:34:23,26,21,12.84,7,719,,,
06-Feb,13:34:25,24,24,12.89,7,719,,,
06-Feb,13:34:27,22,23,12.87,7,719,,,
06-Feb,13:34:29,18,22,12.86,7,719,,,
06-Feb,13:34:31,22,22,12.88,7,719,,,
06-Feb,13:34:33,19,21,12.86,7,719,,,
06-Feb,13:34:35,28,22,12.84,7,719,,,
06-Feb,13:34:37,21,21,12.85,7,719,,,
06-Feb,13:34:39,24,23,12.87,7,719,,,
06-Feb,13:34:41,18,22,12.88,7,719,,,
06-Feb,13:34:43,25,23,12.88,7,719,,,
06-Feb,13:34:45,29,23,12.9,7,719,,,
06-Feb,13:34:47,26,24,12.91,7,719,,,
06-Feb,13:34:49,21,24,12.89,7,719,,,
06-Feb,13:34:51,16,23,12.88,7,719,,,
06-Feb,13:34:53,15,21,12.87,7,719,,,
06-Feb,13:34:55,21,20,12.85,7,719,,,
06-Feb,13:34:57,21,19,12.83,7,719,,,
06-Feb,13:34:59,26,20,12.85,7,719,,,
06-Feb,13:35:01,15,20,12.85,7,719,,,
06-Feb,13:35:03,20,21,12.87,7,719,,,
06-Feb,13:35:05,10,18,12.85,7,719,,,
06-Feb,13:35:07,19,18,12.85,7,719,,,
06-Feb,13:35:09,14,15,12.82,7,719,,,
06-Feb,13:35:11,25,17,12.83,7,719,,,
06-Feb,13:35:13,18,17,12.83,7,719,,,
06-Feb,13:35:15,22,20,12.84,7,719,,,
06-Feb,13:35:17,25,21,12.86,7,719,,,
06-Feb,13:35:19,20,22,12.87,7,719,,,
06-Feb,13:35:21,20,21,12.86,7,719,,,
06-Feb,13:35:23,27,23,12.87,7,719,,,
06-Feb,13:35:25,24,23,12.87,7,719,,,
06-Feb,13:35:27,29,24,12.88,7,719,,,
06-Feb,13:35:29,27,25,12.89,7,719,,,
06-Feb,13:35:31,16,25,12.88,7,719,,,
06-Feb,13:35:33,20,23,12.86,7,719,,,
06-Feb,13:35:35,25,23,12.86,7,719,,,
06-Feb,13:35:37,32,24,12.85,7,719,,,
06-Feb,13:35:39,34,25,12.86,7,719,,,
06-Feb,13:35:41,40,30,12.89,7,719,,,
06-Feb,13:35:43,38,34,12.9,7,719,,,
06-Feb,13:35:45,42,37,12.91,7,719,,,
06-Feb,13:35:47,49,41,12.9,7,719,,,
06-Feb,13:35:49,49,44,12.89,7,719,,,
06-Feb,13:35:51,55,47,12.86,7,719,,,
06-Feb,13:35:53,55,50,12.85,7,719,,,
06-Feb,13:35:55,61,54,12.88,7,719,,,
06-Feb,13:35:57,54,55,12.85,7,719,,,
06-Feb,13:35:59,59,57,12.85,7,719,,,
06-Feb,13:36:01,62,58,12.87,7,719,,,
06-Feb,13:36:03,62,60,12.9,7,719,,,
06-Feb,13:36:05,63,60,12.89,7,719,,,
06-Feb,13:36:07,61,61,12.9,7,719,,,
06-Feb,13:36:09,62,62,12.91,7,719,,,
06-Feb,13:36:11,65,63,12.9,7,719,,,
06-Feb,13:36:13,65,63,12.88,7,719,,,
06-Feb,13:36:15,65,64,12.89,7,719,,,
06-Feb,13:36:17,66,65,12.92,7,719,,,
06-Feb,13:36:19,62,65,12.93,7,719,,,
06-Feb,13:36:21,67,65,12.95,7,719,,,
06-Feb,13:36:23,64,65,12.97,7,719,,,
06-Feb,13:36:25,66,65,12.97,7,719,,,
06-Feb,13:36:27,57,63,12.91,7,719,,,
06-Feb,13:36:29,58,63,12.89,7,719,,,
06-Feb,13:36:31,60,61,12.85,7,719,,,
06-Feb,13:36:33,60,60,12.83,7,719,,,
06-Feb,13:36:35,62,59,12.78,7,719,,,
06-Feb,13:36:37,65,61,12.82,7,719,,,
06-Feb,13:36:39,60,61,12.82,7,719,,,
06-Feb,13:36:41,60,61,12.83,7,719,,,
06-Feb,13:36:43,59,61,12.83,7,719,,,
06-Feb,13:36:45,59,61,12.85,7,719,,,
06-Feb,13:36:47,59,59,12.84,7,719,,,
06-Feb,13:36:49,64,60,12.85,7,719,,,
06-Feb,13:36:51,67,62,12.87,7,719,,,
06-Feb,13:36:53,55,61,12.85,7,719,,,
06-Feb,13:36:55,63,62,12.87,7,719,,,
06-Feb,13:36:57,59,62,12.87,7,719,,,
06-Feb,13:36:59,62,61,12.87,7,719,,,
06-Feb,13:37:01,64,60,12.86,7,719,,,
06-Feb,13:37:03,61,62,12.87,7,719,,,
06-Feb,13:37:05,57,60,12.84,7,719,,,
06-Feb,13:37:07,58,60,12.84,7,719,,,
06-Feb,13:37:09,55,59,12.78,7,719,,,
06-Feb,13:37:11,54,57,12.76,7,719,,,
06-Feb,13:37:13,64,58,12.76,7,719,,,
06-Feb,13:37:15,63,59,12.79,7,719,,,
06-Feb,13:37:17,61,60,12.79,7,719,,,
06-Feb,13:37:19,57,60,12.81,7,719,,,
06-Feb,13:37:21,59,61,12.84,7,719,,,
06-Feb,13:37:23,61,60,12.85,7,719,,,
06-Feb,13:37:25,57,59,12.82,7,719,,,
06-Feb,13:37:27,56,58,12.8,7,719,,,
06-Feb,13:37:29,55,58,12.82,7,719,,,
06-Feb,13:37:31,43,54,12.81,7,719,,,
06-Feb,13:37:33,30,48,12.77,7,719,,,
06-Feb,13:37:35,28,43,12.77,7,719,,,
06-Feb,13:37:37,26,36,12.79,7,719,,,
06-Feb,13:37:39,18,29,12.76,7,719,,,
06-Feb,13:37:41,20,24,12.76,7,719,,,
06-Feb,13:37:43,26,23,12.79,7,719,,,
06-Feb,13:37:45,28,23,12.82,7,719,,,
06-Feb,13:37:47,18,22,12.82,7,719,,,
06-Feb,13:37:49,29,24,12.86,7,719,,,
06-Feb,13:37:51,26,25,12.88,7,719,,,
06-Feb,13:37:53,17,23,12.87,7,719,,,
06-Feb,13:37:55,19,22,12.85,7,719,,,
06-Feb,13:37:57,23,23,12.86,7,719,,,
06-Feb,13:37:59,21,21,12.84,7,719,,,
06-Feb,13:38:01,17,19,12.83,7,719,,,
06-Feb,13:38:03,21,20,12.84,7,719,,,
06-Feb,13:38:05,27,22,12.86,7,719,,,
06-Feb,13:38:07,27,23,12.88,7,719,,,
06-Feb,13:38:09,22,23,12.89,7,719,,,
06-Feb,13:38:11,21,24,12.9,7,719,,,
06-Feb,13:38:13,22,24,12.91,7,719,,,
06-Feb,13:38:15,9,20,12.88,7,719,,,
06-Feb,13:38:17,19,19,12.88,7,719,,,
06-Feb,13:38:19,24,19,12.89,7,719,,,
06-Feb,13:38:21,13,17,12.88,7,719,,,
06-Feb,13:38:23,16,16,12.87,7,719,,,
06-Feb,13:38:25,19,18,12.89,7,719,,,
06-Feb,13:38:27,20,18,12.87,7,719,,,
06-Feb,13:38:29,22,18,12.88,7,719,,,
06-Feb,13:38:31,15,18,12.89,7,719,,,
06-Feb,13:38:33,19,19,12.89,7,719,,,
06-Feb,13:38:35,21,19,12.88,7,719,,,
06-Feb,13:38:37,16,19,12.88,7,719,,,
06-Feb,13:38:39,16,17,12.87,7,719,,,
06-Feb,13:38:41,23,19,12.88,7,719,,,
06-Feb,13:38:43,18,19,12.89,7,719,,,
06-Feb,13:38:45,22,19,12.9,7,719,,,
06-Feb,13:38:47,22,20,12.92,7,719,,,
06-Feb,13:38:49,15,20,12.91,7,719,,,
06-Feb,13:38:51,24,20,12.91,7,719,,,
06-Feb,13:38:53,16,20,12.9,7,719,,,
06-Feb,13:38:55,15,18,12.89,7,719,,,
06-Feb,13:38:57,22,18,12.88,7,719,,,
06-Feb,13:38:59,19,19,12.9,7,719,,,
06-Feb,13:39:01,21,18,12.89,7,719,,,
06-Feb,13:39:03,18,19,12.89,7,719,,,
06-Feb,13:39:05,24,21,12.9,7,719,,,
06-Feb,13:39:07,13,19,12.89,7,719,,,
06-Feb,13:39:09,22,20,12.89,7,719,,,
06-Feb,13:39:11,21,20,12.9,7,719,,,
06-Feb,13:39:13,21,20,12.91,7,719,,,
06-Feb,13:39:15,18,19,12.92,7,719,,,
06-Feb,13:39:17,26,22,12.94,7,719,,,
06-Feb,13:39:19,10,19,12.92,7,719,,,
06-Feb,13:39:21,21,19,12.91,7,719,,,
06-Feb,13:39:23,21,19,12.9,7,719,,,
06-Feb,13:39:25,23,20,12.9,7,719,,,
06-Feb,13:39:27,21,19,12.89,7,719,,,
06-Feb,13:39:29,19,21,12.9,7,719,,,
06-Feb,13:39:31,18,20,12.89,7,719,,,
06-Feb,13:39:33,19,20,12.89,7,719,,,
06-Feb,13:39:35,18,19,12.88,7,719,,,
06-Feb,13:39:37,25,20,12.88,7,719,,,
06-Feb,13:39:39,19,20,12.89,7,719,,,
06-Feb,13:39:41,19,20,12.89,7,719,,,
06-Feb,13:39:43,20,20,12.89,7,719,,,
06-Feb,13:39:45,21,21,12.9,7,719,,,
06-Feb,13:39:47,19,20,12.89,7,719,,,
06-Feb,13:39:49,11,18,12.87,7,719,,,
06-Feb,13:39:51,25,19,12.89,7,719,,,
06-Feb,13:39:53,13,18,12.88,7,719,,,
06-Feb,13:39:55,24,18,12.88,7,719,,,
06-Feb,13:39:57,14,17,12.87,7,719,,,
06-Feb,13:39:59,8,17,12.87,7,719,,,
06-Feb,13:40:01,19,16,12.85,7,719,,,
06-Feb,13:40:03,17,17,12.85,7,719,,,
06-Feb,13:40:05,17,15,12.84,7,719,,,
06-Feb,13:40:07,25,17,12.87,7,719,,,
06-Feb,13:40:09,25,21,12.91,7,719,,,
06-Feb,13:40:11,15,20,12.9,7,719,,,
06-Feb,13:40:13,20,20,12.91,7,719,,,
06-Feb,13:40:15,22,21,12.91,7,719,,,
06-Feb,13:40:17,22,21,12.9,7,719,,,
06-Feb,13:40:19,21,20,12.89,7,719,,,
06-Feb,13:40:21,18,20,12.9,7,719,,,
06-Feb,13:40:23,18,20,12.9,7,719,,,
06-Feb,13:40:25,17,19,12.91,7,719,,,
06-Feb,13:40:27,22,19,12.91,7,719,,,
06-Feb,13:40:29,21,19,12.9,7,719,,,
06-Feb,13:40:31,14,18,12.89,7,719,,,
06-Feb,13:40:33,20,19,12.9,7,719,,,
06-Feb,13:40:35,4,16,12.89,7,719,,,
06-Feb,13:40:37,18,15,12.88,7,719,,,
06-Feb,13:40:39,17,15,12.87,7,719,,,
06-Feb,13:40:41,17,15,12.87,7,719,,,
06-Feb,13:40:43,21,15,12.87,7,719,,,
06-Feb,13:40:45,24,20,12.9,7,719,,,
06-Feb,13:40:47,19,20,12.9,7,719,,,
06-Feb,13:40:49,17,20,12.91,7,719,,,
06-Feb,13:40:51,19,20,12.91,7,719,,,
06-Feb,13:40:53,18,19,12.91,7,719,,,
06-Feb,13:40:55,22,19,12.89,7,719,,,
06-Feb,13:40:57,25,20,12.88,7,719,,,
06-Feb,13:40:59,19,21,12.89,7,719,,,
06-Feb,13:41:01,20,21,12.9,7,719,,,
06-Feb,13:41:03,20,21,12.91,7,719,,,
06-Feb,13:41:05,16,20,12.92,7,719,,,
06-Feb,13:41:07,15,18,12.9,7,719,,,
06-Feb,13:41:09,20,18,12.9,7,719,,,
06-Feb,13:41:11,18,18,12.88,7,719,,,
06-Feb,13:41:13,14,17,12.87,7,719,,,
06-Feb,13:41:15,22,18,12.88,7,719,,,
06-Feb,13:41:17,20,19,12.91,7,719,,,
06-Feb,13:41:19,26,20,12.93,7,719,,,
06-Feb,13:41:21,24,21,12.94,7,719,,,
06-Feb,13:41:23,29,24,12.96,7,719,,,
06-Feb,13:41:25,16,23,12.95,7,719,,,
06-Feb,13:41:27,17,23,12.93,7,719,,,
06-Feb,13:41:29,8,19,12.9,7,719,,,
06-Feb,13:41:31,11,16,12.88,7,719,,,
06-Feb,13:41:33,22,15,12.87,7,719,,,
06-Feb,13:41:35,21,16,12.89,7,719,,,
06-Feb,13:41:37,19,16,12.88,7,719,,,
06-Feb,13:41:39,28,20,12.9,7,719,,,
06-Feb,13:41:41,30,24,12.92,7,719,,,
06-Feb,13:41:43,22,24,12.9,7,719,,,
06-Feb,13:41:45,26,25,12.89,7,719,,,
06-Feb,13:41:47,31,28,12.88,7,719,,,
06-Feb,13:41:49,37,29,12.87,7,719,,,
06-Feb,13:41:51,41,31,12.87,7,719,,,
06-Feb,13:41:53,41,35,12.87,7,719,,,
06-Feb,13:41:55,48,40,12.87,7,719,,,
06-Feb,13:41:57,51,43,12.9,7,719,,,
06-Feb,13:41:59,49,46,12.92,7,719,,,
06-Feb,13:42:01,47,47,12.91,7,719,,,
06-Feb,13:42:03,47,48,12.87,7,719,,,
06-Feb,13:42:05,61,51,12.9,7,719,,,
06-Feb,13:42:07,56,52,12.88,7,719,,,
06-Feb,13:42:09,58,54,12.87,7,719,,,
06-Feb,13:42:11,62,57,12.9,7,719,,,
06-Feb,13:42:13,54,52,12.85,7,719,,,
06-Feb,13:42:15,56,53,12.87,7,719,,,
06-Feb,13:42:17,53,53,12.84,7,719,,,
06-Feb,13:42:19,58,53,12.82,7,719,,,
06-Feb,13:42:21,51,54,12.85,7,719,,,
06-Feb,13:42:23,53,54,12.84,7,719,,,
06-Feb,13:42:25,51,53,12.83,7,719,,,
06-Feb,13:42:27,50,52,12.83,7,719,,,
06-Feb,13:42:29,52,51,12.83,7,719,,,
06-Feb,13:42:31,48,51,12.83,7,719,,,
06-Feb,13:42:33,42,48,12.83,7,719,,,
06-Feb,13:42:35,49,48,12.84,7,719,,,
06-Feb,13:42:37,45,47,12.83,7,719,,,
06-Feb,13:42:39,40,45,12.81,7,719,,,
06-Feb,13:42:41,49,45,12.81,7,719,,,
06-Feb,13:42:43,58,48,12.84,7,719,,,
06-Feb,13:42:45,66,52,12.83,7,719,,,
06-Feb,13:42:47,65,56,12.86,7,719,,,
06-Feb,13:42:49,62,60,12.9,7,719,,,
06-Feb,13:42:51,58,62,12.88,7,719,,,
06-Feb,13:42:53,57,62,12.86,7,719,,,
06-Feb,13:42:55,57,60,12.85,7,719,,,
06-Feb,13:42:57,60,59,12.84,7,719,,,
06-Feb,13:42:59,62,59,12.82,7,719,,,
06-Feb,13:43:01,62,60,12.83,7,719,,,
06-Feb,13:43:03,55,59,12.8,7,719,,,
06-Feb,13:43:05,58,59,12.8,7,719,,,
06-Feb,13:43:07,61,60,12.8,7,719,,,
06-Feb,13:43:09,57,59,12.81,7,719,,,
06-Feb,13:43:11,56,57,12.8,7,719,,,
06-Feb,13:43:13,63,59,12.85,7,719,,,
06-Feb,13:43:15,57,59,12.87,7,719,,,
06-Feb,13:43:17,55,58,12.85,7,719,,,
06-Feb,13:43:19,60,58,12.85,7,719,,,
06-Feb,13:43:21,53,58,12.84,7,719,,,
06-Feb,13:43:23,57,57,12.82,7,719,,,
06-Feb,13:43:25,52,56,12.8,7,719,,,
06-Feb,13:43:27,56,56,12.81,7,719,,,
06-Feb,13:43:29,57,55,12.8,7,719,,,
06-Feb,13:43:31,55,55,12.83,7,719,,,
06-Feb,13:43:33,57,55,12.82,7,719,,,
06-Feb,13:43:35,60,57,12.84,7,719,,,
06-Feb,13:43:37,53,56,12.82,7,719,,,
06-Feb,13:43:39,59,57,12.84,7,719,,,
06-Feb,13:43:41,55,57,12.82,7,719,,,
06-Feb,13:43:43,46,55,12.8,7,719,,,
06-Feb,13:43:45,53,53,12.79,7,719,,,
06-Feb,13:43:47,54,53,12.8,7,719,,,
06-Feb,13:43:49,53,52,12.81,7,719,,,
06-Feb,13:43:51,50,51,12.81,7,719,,,
06-Feb,13:43:53,53,53,12.83,7,719,,,
06-Feb,13:43:55,47,51,12.83,7,719,,,
06-Feb,13:43:57,42,49,12.84,7,719,,,
06-Feb,13:43:59,44,47,12.83,7,719,,,
06-Feb,13:44:01,54,48,12.85,7,719,,,
06-Feb,13:44:03,59,49,12.86,7,719,,,
06-Feb,13:44:05,63,52,12.88,7,719,,,
06-Feb,13:44:07,55,55,12.89,7,719,,,
06-Feb,13:44:09,54,57,12.88,7,719,,,
06-Feb,13:44:11,47,55,12.87,7,719,,,
06-Feb,13:44:13,51,54,12.86,7,719,,,
06-Feb,13:44:15,53,52,12.83,7,719,,,
06-Feb,13:44:17,49,51,12.81,7,719,,,
06-Feb,13:44:19,60,52,12.85,7,719,,,
06-Feb,13:44:21,54,53,12.85,7,719,,,
06-Feb,13:44:23,54,54,12.85,7,719,,,
06-Feb,13:44:25,54,54,12.87,7,719,,,
06-Feb,13:44:27,56,56,12.89,7,719,,,
06-Feb,13:44:29,59,55,12.85,7,719,,,
06-Feb,13:44:31,58,56,12.86,7,719,,,
06-Feb,13:44:33,57,57,12.88,7,719,,,
06-Feb,13:44:35,61,58,12.89,7,719,,,
06-Feb,13:44:37,67,60,12.89,7,719,,,
06-Feb,13:44:39,60,61,12.87,7,719,,,
06-Feb,13:44:41,63,62,12.87,7,719,,,
06-Feb,13:44:43,59,62,12.86,7,719,,,
06-Feb,13:44:45,55,61,12.84,7,719,,,
06-Feb,13:44:47,60,60,12.84,7,719,,,
06-Feb,13:44:49,55,58,12.86,7,719,,,
06-Feb,13:44:51,57,57,12.84,7,719,,,
06-Feb,13:44:53,61,58,12.85,7,719,,,
06-Feb,13:44:55,59,58,12.83,7,719,,,
06-Feb,13:44:57,62,59,12.81,7,719,,,
06-Feb,13:44:59,64,61,12.81,7,719,,,
06-Feb,13:45:01,65,62,12.81,7,719,,,
06-Feb,13:45:03,65,63,12.81,7,719,,,
06-Feb,13:45:05,61,63,12.82,7,719,,,
06-Feb,13:45:07,51,61,12.8,7,719,,,
06-Feb,13:45:09,52,59,12.78,7,719,,,
06-Feb,13:45:11,56,57,12.77,7,719,,,
06-Feb,13:45:13,59,56,12.76,7,719,,,
06-Feb,13:45:15,65,56,12.77,7,719,,,
06-Feb,13:45:17,63,59,12.8,7,719,,,
06-Feb,13:45:19,67,62,12.83,7,719,,,
06-Feb,13:45:21,71,65,12.86,7,719,,,
06-Feb,13:45:23,67,66,12.86,7,719,,,
06-Feb,13:45:25,68,67,12.86,7,719,,,
06-Feb,13:45:27,67,68,12.87,7,719,,,
06-Feb,13:45:29,66,68,12.87,7,719,,,
06-Feb,13:45:31,63,66,12.84,7,719,,,
06-Feb,13:45:33,59,65,12.82,7,719,,,
06-Feb,13:45:35,62,63,12.82,7,719,,,
06-Feb,13:45:37,59,62,12.82,7,719,,,
06-Feb,13:45:39,53,59,12.79,7,719,,,
06-Feb,13:45:41,53,57,12.81,7,719,,,
06-Feb,13:45:43,52,56,12.82,7,719,,,
06-Feb,13:45:45,47,53,12.81,7,719,,,
06-Feb,13:45:47,47,50,12.79,7,719,,,
06-Feb,13:45:49,46,49,12.79,7,719,,,
06-Feb,13:45:51,49,48,12.77,7,719,,,
06-Feb,13:45:53,54,49,12.77,7,719,,,
06-Feb,13:45:55,55,50,12.79,7,719,,,
06-Feb,13:45:57,48,50,12.79,7,719,,,
06-Feb,13:45:59,51,51,12.79,7,719,,,
06-Feb,13:46:01,62,54,12.83,7,719,,,
06-Feb,13:46:03,66,56,12.84,7,719,,,
06-Feb,13:46:05,68,59,12.85,7,719,,,
06-Feb,13:46:07,68,63,12.89,7,719,,,
06-Feb,13:46:09,69,67,12.93,7,719,,,
06-Feb,13:46:11,70,68,12.94,7,719,,,
06-Feb,13:46:13,67,68,12.94,7,719,,,
06-Feb,13:46:15,67,68,12.93,7,719,,,
06-Feb,13:46:17,64,68,12.91,7,719,,,
06-Feb,13:46:19,61,66,12.87,7,719,,,
06-Feb,13:46:21,59,64,12.82,7,719,,,
06-Feb,13:46:23,60,63,12.79,7,719,,,
06-Feb,13:46:25,65,62,12.8,7,719,,,
06-Feb,13:46:27,65,62,12.81,7,719,,,
06-Feb,13:46:29,66,63,12.83,7,719,,,
06-Feb,13:46:31,65,64,12.84,7,719,,,
06-Feb,13:46:33,65,65,12.84,7,719,,,
06-Feb,13:46:35,67,65,12.82,7,719,,,
06-Feb,13:46:37,64,65,12.83,7,719,,,
06-Feb,13:46:39,65,65,12.83,7,719,,,
06-Feb,13:46:41,64,65,12.84,7,719,,,
06-Feb,13:46:43,62,64,12.88,7,719,,,
06-Feb,13:46:45,59,63,12.87,7,719,,,
06-Feb,13:46:47,61,62,12.86,7,719,,,
06-Feb,13:46:49,63,62,12.84,7,719,,,
06-Feb,13:46:51,66,62,12.84,7,719,,,
06-Feb,13:46:53,65,63,12.82,7,719,,,
06-Feb,13:46:55,64,64,12.84,7,719,,,
06-Feb,13:46:57,64,64,12.86,7,719,,,
06-Feb,13:46:59,64,65,12.86,7,719,,,
06-Feb,13:47:01,58,63,12.85,7,719,,,
06-Feb,13:47:03,57,61,12.84,7,719,,,
06-Feb,13:47:05,66,62,12.86,7,719,,,
06-Feb,13:47:07,63,61,12.87,7,719,,,
06-Feb,13:47:09,62,61,12.88,7,719,,,
06-Feb,13:47:11,57,61,12.89,7,719,,,
06-Feb,13:47:13,57,61,12.91,7,719,,,
06-Feb,13:47:15,58,59,12.88,7,719,,,
06-Feb,13:47:17,59,59,12.87,7,719,,,
06-Feb,13:47:19,60,58,12.86,7,719,,,
06-Feb,13:47:21,68,60,12.89,7,719,,,
06-Feb,13:47:23,69,63,12.9,7,719,,,
06-Feb,13:47:25,69,65,12.91,7,719,,,
06-Feb,13:47:27,67,66,12.92,7,719,,,
06-Feb,13:47:29,70,68,12.95,7,719,,,
06-Feb,13:47:31,67,68,12.95,7,719,,,
06-Feb,13:47:33,64,67,12.95,7,719,,,
06-Feb,13:47:35,62,66,12.95,7,719,,,
06-Feb,13:47:37,61,65,12.94,7,719,,,
06-Feb,13:47:39,61,63,12.91,7,719,,,
06-Feb,13:47:41,56,61,12.88,7,719,,,
06-Feb,13:47:43,54,59,12.86,7,719,,,
06-Feb,13:47:45,57,58,12.84,7,719,,,
06-Feb,13:47:47,59,57,12.85,7,719,,,
06-Feb,13:47:49,57,57,12.84,7,719,,,
06-Feb,13:47:51,53,56,12.84,7,719,,,
06-Feb,13:47:53,61,57,12.85,7,719,,,
06-Feb,13:47:55,59,58,12.85,7,719,,,
06-Feb,13:47:57,62,59,12.87,7,719,,,
06-Feb,13:47:59,61,59,12.88,7,719,,,
06-Feb,13:48:01,68,62,12.92,7,719,,,
06-Feb,13:48:03,66,63,12.94,7,719,,,
06-Feb,13:48:05,66,65,12.96,7,719,,,
06-Feb,13:48:07,67,66,12.98,7,719,,,
06-Feb,13:48:09,60,65,12.95,7,719,,,
06-Feb,13:48:11,60,64,12.93,7,719,,,
06-Feb,13:48:13,41,41,12.29,7,719,,,
,,,,,,,,,
,,,,,,,,,
,,,,,,,,,
,,,,,,,,,
,,,,,,,,,
,,,,,,,,,
,,,,,,,,,
,,,,,,,,,
,,,,,,,,,
,,,,,,,,,
,,,,,,,,,
,,,,,,,,,
,,,,,,,,,
,,,,,,,,,
,,,,,,,,,
,,,,,,,,,
,,,,,,,,,
,,,,,,,,,
,,,,,,,,,
,,,,,,,,,
,,,,,,,,,
,,,,,,,,,
,,,,,,,,,
,,,,,,,,,
,,,,,,,,,
,,,,,,,,,
,,,,,,,,,
,,,,,,,,,
,,,,,,,,,
,,,,,,,,,
,,,,,,,,,
,,,,,,,,,
,,,,,,,,,
,,,,,,,,,
,,,,,,,,,
,,,,,,,,,
,,,,,,,,,
,,,,,,,,,
,,,,,,,,,
,,,,,,,,,
,,,,,,,,,
,,,,,,,,,
,,,,,,,,,
,,,,,,,,,
,,,,,,,,,
,,,,,,,,,
,,,,,,,,,
,,,,,,,,,
,,,,,,,,,
,,,,,,,,,
,,,,,,,,,
,,,,,,,,,
,,,,,,,,,
,,,,,,,,,
,,,,,,,,,
,,,,,,,,,
,,,,,,,,,
,,,,,,,,,
,,,,,,,,,
,,,,,,,,,
,,,,,,,,,
,,,,,,,,,
,,,,,,,,,
,,,,,,,,,
,,,,,,,,,
,,,,,,,,,
,,,,,,,,,
,,,,,,,,,
,,,,,,,,,
,,,,,,,,,
,,,,,,,,,
,,,,,,,,,
,,,,,,,,,
,,,,,,,,,
,,,,,,,,,
,,,,,,,,,
,,,,,,,,,
,,,,,,,,,
,,,,,,,,,
,,,,,,,,,
,,,,,,,,,
,,,,,,,,,
,,,,,,,,,
,,,,,,,,,
,,,,,,,,,
,,,,,,,,,
,,,,,,,,,
,,,,,,,,,
,,,,,,,,,
,,,,,,,,,
,,,,,,,,,
,,,,,,,,,
,,,,,,,,,
,,,,,,,,,
,,,,,,,,,
,,,,,,,,,
,,,,,,,,,
,,,,,,,,,
,,,,,,,,,
,,,,,,,,,
,,,,,,,,,
,,,,,,,,,
,,,,,,,,,
,,,,,,,,,
,,,,,,,,,
,,,,,,,,,
,,,,,,,,,
,,,,,,,,,
,,,,,,,,,
,,,,,,,,,
,,,,,,,,,
,,,,,,,,,
,,,,,,,,,
,,,,,,,,,
,,,,,,,,,
,,,,,,,,,
,,,,,,,,,
,,,,,,,,,
,,,,,,,,,
,,,,,,,,,
,,,,,,,,,
,,,,,,,,,
,,,,,,,,,
,,,,,,,,,
,,,,,,,,,
,,,,,,,,,
,,,,,,,,,
,,,,,,,,,
,,,,,,,,,
,,,,,,,,,
,,,,,,,,,
,,,,,,,,,
,,,,,,,,,
,,,,,,,,,
,,,,,,,,,
,,,,,,,,,
,,,,,,,,,
,,,,,,,,,
,,,,,,,,,
,,,,,,,,,
,,,,,,,,,
,,,,,,,,,
,,,,,,,,,
,,,,,,,,,
,,,,,,,,,
,,,,,,,,,
,,,,,,,,,
,,,,,,,,,
,,,,,,,,,
,,,,,,,,,
,,,,,,,,,
,,,,,,,,,
,,,,,,,,,
,,,,,,,,,
,,,,,,,,,
,,,,,,,,,
,,,,,,,,,
,,,,,,,,,
,,,,,,,,,
,,,,,,,,,
,,,,,,,,,
,,,,,,,,,
,,,,,,,,,
,,,,,,,,,
,,,,,,,,,
,,,,,,,,,
,,,,,,,,,
,,,,,,,,,
,,,,,,,,,
,,,,,,,,,
,,,,,,,,,
,,,,,,,,,
,,,,,,,,,
,,,,,,,,,
,,,,,,,,,
,,,,,,,,,
,,,,,,,,,
,,,,,,,,,
,,,,,,,,,
,,,,,,,,,
,,,,,,,,,
,,,,,,,,,
,,,,,,,,,
,,,,,,,,,
,,,,,,,,,
,,,,,,,,,
,,,,,,,,,
,,,,,,,,,
,,,,,,,,,
,,,,,,,,,
,,,,,,,,,
,,,,,,,,,
,,,,,,,,,
,,,,,,,,,
,,,,,,,,,
,,,,,,,,,
,,,,,,,,,
,,,,,,,,,
,,,,,,,,,
,,,,,,,,,
,,,,,,,,,
,,,,,,,,,
,,,,,,,,,
,,,,,,,,,
,,,,,,,,,
,,,,,,,,,
,,,,,,,,,
,,,,,,,,,
,,,,,,,,,
,,,,,,,,,
,,,,,,,,,
,,,,,,,,,
,,,,,,,,,
,,,,,,,,,
,,,,,,,,,
,,,,,,,,,
,,,,,,,,,
,,,,,,,,,
,,,,,,,,,
,,,,,,,,,
,,,,,,,,,
,,,,,,,,,
,,,,,,,,,
,,,,,,,,,
,,,,,,,,,
,,,,,,,,,
,,,,,,,,,
,,,,,,,,,
,,,,,,,,,
,,,,,,,,,
,,,,,,,,,
,,,,,,,,,
,,,,,,,,,
,,,,,,,,,
,,,,,,,,,
,,,,,,,,,
,,,,,,,,,
,,,,,,,,,
,,,,,,,,,
,,,,,,,,,
,,,,,,,,,
,,,,,,,,,
,,,,,,,,,
,,,,,,,,,
,,,,,,,,,
,,,,,,,,,
,,,,,,,,,
,,,,,,,,,
,,,,,,,,,
,,,,,,,,,
,,,,,,,,,
,,,,,,,,,
,,,,,,,,,
,,,,,,,,,
,,,,,,,,,
,,,,,,,,,
,,,,,,,,,
,,,,,,,,,
,,,,,,,,,
,,,,,,,,,
,,,,,,,,,
,,,,,,,,,
,,,,,,,,,
,,,,,,,,,
,,,,,,,,,
,,,,,,,,,
,,,,,,,,,
,,,,,,,,,
,,,,,,,,,
,,,,,,,,,
,,,,,,,,,
,,,,,,,,,
,,,,,,,,,
,,,,,,,,,
,,,,,,,,,
,,,,,,,,,
,,,,,,,,,
,,,,,,,,,
,,,,,,,,,
,,,,,,,,,
,,,,,,,,,
,,,,,,,,,
,,,,,,,,,
,,,,,,,,,
,,,,,,,,,
,,,,,,,,,
,,,,,,,,,
,,,,,,,,,
,,,,,,,,,
,,,,,,,,,
,,,,,,,,,
,,,,,,,,,
,,,,,,,,,
,,,,,,,,,
,,,,,,,,,
,,,,,,,,,
,,,,,,,,,
,,,,,,,,,
,,,,,,,,,
,,,,,,,,,
,,,,,,,,,
,,,,,,,,,
,,,,,,,,,
,,,,,,,,,
,,,,,,,,,
,,,,,,,,,
,,,,,,,,,
,,,,,,,,,
,,,,,,,,,
,,,,,,,,,
,,,,,,,,,
,,,,,,,,,
,,,,,,,,,
,,,,,,,,,
,,,,,,,,,
,,,,,,,,,
,,,,,,,,,
,,,,,,,,,
,,,,,,,,,
,,,,,,,,,
,,,,,,,,,
,,,,,,,,,
,,,,,,,,,
,,,,,,,,,
,,,,,,,,,
,,,,,,,,,
,,,,,,,,,
,,,,,,,,,
,,,,,,,,,
,,,,,,,,,
,,,,,,,,,
,,,,,,,,,
,,,,,,,,,
,,,,,,,,,
,,,,,,,,,
,,,,,,,,,
,,,,,,,,,
,,,,,,,,,
,,,,,,,,,
,,,,,,,,,
,,,,,,,,,
,,,,,,,,,
,,,,,,,,,
,,,,,,,,,
,,,,,,,,,
,,,,,,,,,
,,,,,,,,,
,,,,,,,,,
,,,,,,,,,
,,,,,,,,,
,,,,,,,,,
,,,,,,,,,
,,,,,,,,,
,,,,,,,,,
,,,,,,,,,
,,,,,,,,,
,,,,,,,,,
,,,,,,,,,
,,,,,,,,,
,,,,,,,,,
,,,,,,,,,
,,,,,,,,,
,,,,,,,,,
,,,,,,,,,
,,,,,,,,,
,,,,,,,,,
,,,,,,,,,
,,,,,,,,,
,,,,,,,,,
,,,,,,,,,
,,,,,,,,,
,,,,,,,,,
,,,,,,,,,
,,,,,,,,,
,,,,,,,,,
,,,,,,,,,
,,,,,,,,,
,,,,,,,,,
,,,,,,,,,
,,,,,,,,,
,,,,,,,,,
,,,,,,,,,
,,,,,,,,,
,,,,,,,,,
,,,,,,,,,
,,,,,,,,,
,,,,,,,,,
,,,,,,,,,
,,,,,,,,,
,,,,,,,,,
,,,,,,,,,
,,,,,,,,,
,,,,,,,,,
,,,,,,,,,
,,,,,,,,,
,,,,,,,,,
,,,,,,,,,
,,,,,,,,,
,,,,,,,,,
,,,,,,,,,
,,,,,,,,,
,,,,,,,,,
,,,,,,,,,
,,,,,,,,,
,,,,,,,,,
,,,,,,,,,
,,,,,,,,,
,,,,,,,,,
,,,,,,,,,
,,,,,,,,,
,,,,,,,,,
,,,,,,,,,
,,,,,,,,,
,,,,,,,,,
,,,,,,,,,
,,,,,,,,,
,,,,,,,,,
,,,,,,,,,
,,,,,,,,,
,,,,,,,,,
,,,,,,,,,
,,,,,,,,,
,,,,,,,,,
,,,,,,,,,
,,,,,,,,,
,,,,,,,,,
,,,,,,,,,
,,,,,,,,,
,,,,,,,,,
,,,,,,,,,
,,,,,,,,,
,,,,,,,,,
,,,,,,,,,
,,,,,,,,,
,,,,,,,,,
,,,,,,,,,
,,,,,,,,,
,,,,,,,,,
,,,,,,,,,
,,,,,,,,,
,,,,,,,,,
,,,,,,,,,
,,,,,,,,,
,,,,,,,,,
,,,,,,,,,
,,,,,,,,,
,,,,,,,,,
,,,,,,,,,
,,,,,,,,,
,,,,,,,,,
,,,,,,,,,
,,,,,,,,,
,,,,,,,,,
,,,,,,,,,
,,,,,,,,,
,,,,,,,,,
,,,,,,,,,
,,,,,,,,,
,,,,,,,,,
,,,,,,,,,
,,,,,,,,,
,,,,,,,,,
,,,,,,,,,
,,,,,,,,,
,,,,,,,,,
,,,,,,,,,
,,,,,,,,,
,,,,,,,,,
,,,,,,,,,
,,,,,,,,,
,,,,,,,,,
,,,,,,,,,
,,,,,,,,,
,,,,,,,,,
,,,,,,,,,
,,,,,,,,,
,,,,,,,,,
,,,,,,,,,
,,,,,,,,,
,,,,,,,,,
,,,,,,,,,
,,,,,,,,,
,,,,,,,,,
,,,,,,,,,
,,,,,,,,,
,,,,,,,,,
,,,,,,,,,
,,,,,,,,,
,,,,,,,,,
,,,,,,,,,
,,,,,,,,,
,,,,,,,,,
,,,,,,,,,
,,,,,,,,,
,,,,,,,,,
,,,,,,,,,
,,,,,,,,,
,,,,,,,,,
,,,,,,,,,
,,,,,,,,,
,,,,,,,,,
,,,,,,,,,
,,,,,,,,,
,,,,,,,,,
,,,,,,,,,
,,,,,,,,,
,,,,,,,,,
,,,,,,,,,
,,,,,,,,,
,,,,,,,,,
,,,,,,,,,
,,,,,,,,,
,,,,,,,,,
,,,,,,,,,
,,,,,,,,,
,,,,,,,,,
,,,,,,,,,
,,,,,,,,,
,,,,,,,,,
,,,,,,,,,
,,,,,,,,,
,,,,,,,,,
,,,,,,,,,
,,,,,,,,,
,,,,,,,,,
,,,,,,,,,
,,,,,,,,,
,,,,,,,,,
,,,,,,,,,
,,,,,,,,,
,,,,,,,,,
,,,,,,,,,
,,,,,,,,,
,,,,,,,,,
,,,,,,,,,
,,,,,,,,,
,,,,,,,,,
,,,,,,,,,
,,,,,,,,,
,,,,,,,,,
,,,,,,,,,
,,,,,,,,,
,,,,,,,,,
,,,,,,,,,
,,,,,,,,,
,,,,,,,,,
,,,,,,,,,
,,,,,,,,,
,,,,,,,,,
,,,,,,,,,
,,,,,,,,,
,,,,,,,,,
,,,,,,,,,
,,,,,,,,,
,,,,,,,,,
,,,,,,,,,
,,,,,,,,,
,,,,,,,,,
,,,,,,,,,
,,,,,,,,,
,,,,,,,,,
,,,,,,,,,
,,,,,,,,,
,,,,,,,,,
,,,,,,,,,
,,,,,,,,,
,,,,,,,,,
,,,,,,,,,
,,,,,,,,,
,,,,,,,,,
,,,,,,,,,
,,,,,,,,,
,,,,,,,,,
,,,,,,,,,
,,,,,,,,,
,,,,,,,,,
,,,,,,,,,
,,,,,,,,,
,,,,,,,,,
,,,,,,,,,
,,,,,,,,,
,,,,,,,,,
,,,,,,,,,
,,,,,,,,,
,,,,,,,,,
,,,,,,,,,
,,,,,,,,,
,,,,,,,,,
,,,,,,,,,
,,,,,,,,,
,,,,,,,,,
,,,,,,,,,
,,,,,,,,,
,,,,,,,,,
,,,,,,,,,
,,,,,,,,,
,,,,,,,,,
,,,,,,,,,
,,,,,,,,,
,,,,,,,,,
,,,,,,,,,
,,,,,,,,,
,,,,,,,,,
,,,,,,,,,
,,,,,,,,,
,,,,,,,,,
,,,,,,,,,
,,,,,,,,,
,,,,,,,,,
,,,,,,,,,
,,,,,,,,,
,,,,,,,,,
,,,,,,,,,
,,,,,,,,,
,,,,,,,,,
,,,,,,,,,
,,,,,,,,,
,,,,,,,,,
,,,,,,,,,
,,,,,,,,,
,,,,,,,,,
,,,,,,,,,
,,,,,,,,,
,,,,,,,,,
,,,,,,,,,
,,,,,,,,,
,,,,,,,,,
,,,,,,,,,
,,,,,,,,,
,,,,,,,,,
,,,,,,,,,
,,,,,,,,,
,,,,,,,,,
,,,,,,,,,
,,,,,,,,,
,,,,,,,,,
,,,,,,,,,
,,,,,,,,,
,,,,,,,,,
,,,,,,,,,
,,,,,,,,,
,,,,,,,,,
,,,,,,,,,
,,,,,,,,,
,,,,,,,,,
,,,,,,,,,
,,,,,,,,,
,,,,,,,,,
,,,,,,,,,
,,,,,,,,,
,,,,,,,,,
,,,,,,,,,
,,,,,,,,,
,,,,,,,,,
,,,,,,,,,
,,,,,,,,,
,,,,,,,,,
,,,,,,,,,
,,,,,,,,,
,,,,,,,,,
,,,,,,,,,
,,,,,,,,,
,,,,,,,,,
,,,,,,,,,
,,,,,,,,,
,,,,,,,,,
,,,,,,,,,
,,,,,,,,,
,,,,,,,,,
,,,,,,,,,
,,,,,,,,,
,,,,,,,,,
,,,,,,,,,
,,,,,,,,,
,,,,,,,,,
,,,,,,,,,
,,,,,,,,,
,,,,,,,,,
,,,,,,,,,
,,,,,,,,,
,,,,,,,,,
,,,,,,,,,
,,,,,,,,,
,,,,,,,,,
,,,,,,,,,
,,,,,,,,,
,,,,,,,,,
,,,,,,,,,
,,,,,,,,,
,,,,,,,,,
,,,,,,,,,
,,,,,,,,,
,,,,,,,,,
,,,,,,,,,
,,,,,,,,,
,,,,,,,,,
,,,,,,,,,
,,,,,,,,,
,,,,,,,,,
,,,,,,,,,
,,,,,,,,,
,,,,,,,,,
,,,,,,,,,
,,,,,,,,,
,,,,,,,,,
,,,,,,,,,
,,,,,,,,,
,,,,,,,,,
,,,,,,,,,
,,,,,,,,,
,,,,,,,,,
,,,,,,,,,
,,,,,,,,,
,,,,,,,,,
,,,,,,,,,
,,,,,,,,,
,,,,,,,,,
,,,,,,,,,
,,,,,,,,,
,,,,,,,,,
,,,,,,,,,
,,,,,,,,,
,,,,,,,,,
,,,,,,,,,
,,,,,,,,,
,,,,,,,,,
,,,,,,,,,
,,,,,,,,,
,,,,,,,,,
,,,,,,,,,
,,,,,,,,,
,,,,,,,,,
,,,,,,,,,
,,,,,,,,,
,,,,,,,,,
,,,,,,,,,
,,,,,,,,,
,,,,,,,,,
,,,,,,,,,
,,,,,,,,,
,,,,,,,,,
,,,,,,,,,
,,,,,,,,,
,,,,,,,,,
,,,,,,,,,
,,,,,,,,,
,,,,,,,,,
,,,,,,,,,
,,,,,,,,,
,,,,,,,,,
,,,,,,,,,
,,,,,,,,,
,,,,,,,,,
,,,,,,,,,
,,,,,,,,,
,,,,,,,,,
,,,,,,,,,
,,,,,,,,,
,,,,,,,,,
,,,,,,,,,
,,,,,,,,,
,,,,,,,,,
,,,,,,,,,
,,,,,,,,,
,,,,,,,,,
,,,,,,,,,
,,,,,,,,,
,,,,,,,,,
,,,,,,,,,
,,,,,,,,,
,,,,,,,,,
,,,,,,,,,
,,,,,,,,,
,,,,,,,,,
,,,,,,,,,
,,,,,,,,,
,,,,,,,,,
,,,,,,,,,
,,,,,,,,,
,,,,,,,,,
,,,,,,,,,
,,,,,,,,,
,,,,,,,,,
,,,,,,,,,
,,,,,,,,,
,,,,,,,,,
,,,,,,,,,
,,,,,,,,,
,,,,,,,,,
,,,,,,,,,
,,,,,,,,,
,,,,,,,,,
,,,,,,,,,
,,,,,,,,,
,,,,,,,,,
,,,,,,,,,
,,,,,,,,,
,,,,,,,,,
,,,,,,,,,
,,,,,,,,,
,,,,,,,,,
,,,,,,,,,
,,,,,,,,,
,,,,,,,,,
,,,,,,,,,
,,,,,,,,,
,,,,,,,,,
,,,,,,,,,
,,,,,,,,,
,,,,,,,,,
,,,,,,,,,
,,,,,,,,,
,,,,,,,,,
,,,,,,,,,
,,,,,,,,,
,,,,,,,,,
,,,,,,,,,
,,,,,,,,,
,,,,,,,,,
,,,,,,,,,
,,,,,,,,,
,,,,,,,,,
,,,,,,,,,
,,,,,,,,,
,,,,,,,,,
,,,,,,,,,
,,,,,,,,,
,,,,,,,,,
,,,,,,,,,
,,,,,,,,,
,,,,,,,,,
,,,,,,,,,
,,,,,,,,,
,,,,,,,,,
,,,,,,,,,
,,,,,,,,,
,,,,,,,,,
,,,,,,,,,
,,,,,,,,,
,,,,,,,,,
,,,,,,,,,
,,,,,,,,,
,,,,,,,,,
,,,,,,,,,
,,,,,,,,,
,,,,,,,,,
,,,,,,,,,
,,,,,,,,,
,,,,,,,,,
,,,,,,,,,
,,,,,,,,,
,,,,,,,,,
,,,,,,,,,
,,,,,,,,,
,,,,,,,,,
,,,,,,,,,
,,,,,,,,,
,,,,,,,,,
,,,,,,,,,
,,,,,,,,,
,,,,,,,,,
,,,,,,,,,
,,,,,,,,,
,,,,,,,,,
,,,,,,,,,
,,,,,,,,,
,,,,,,,,,
,,,,,,,,,
,,,,,,,,,
,,,,,,,,,
,,,,,,,,,
,,,,,,,,,
,,,,,,,,,
,,,,,,,,,
,,,,,,,,,
,,,,,,,,,
,,,,,,,,,
,,,,,,,,,
,,,,,,,,,
,,,,,,,,,
,,,,,,,,,
,,,,,,,,,
,,,,,,,,,
,,,,,,,,,
,,,,,,,,,
,,,,,,,,,
,,,,,,,,,
,,,,,,,,,
,,,,,,,,,
,,,,,,,,,
,,,,,,,,,
,,,,,,,,,
,,,,,,,,,
,,,,,,,,,
,,,,,,,,,
,,,,,,,,,
,,,,,,,,,
,,,,,,,,,
,,,,,,,,,
,,,,,,,,,
,,,,,,,,,
,,,,,,,,,
,,,,,,,,,
,,,,,,,,,
,,,,,,,,,
,,,,,,,,,
,,,,,,,,,
,,,,,,,,,
,,,,,,,,,
,,,,,,,,,
,,,,,,,,,
,,,,,,,,,
,,,,,,,,,
,,,,,,,,,
,,,,,,,,,
,,,,,,,,,
,,,,,,,,,
,,,,,,,,,
,,,,,,,,,
,,,,,,,,,
,,,,,,,,,
,,,,,,,,,
,,,,,,,,,
,,,,,,,,,
,,,,,,,,,
,,,,,,,,,
,,,,,,,,,
,,,,,,,,,
,,,,,,,,,
,,,,,,,,,
,,,,,,,,,
,,,,,,,,,
,,,,,,,,,
,,,,,,,,,
,,,,,,,,,
,,,,,,,,,
,,,,,,,,,
,,,,,,,,,
,,,,,,,,,
,,,,,,,,,
,,,,,,,,,
,,,,,,,,,
,,,,,,,,,
,,,,,,,,,
,,,,,,,,,
,,,,,,,,,
,,,,,,,,,
,,,,,,,,,
,,,,,,,,,
,,,,,,,,,
,,,,,,,,,
,,,,,,,,,
,,,,,,,,,
,,,,,,,,,
,,,,,,,,,
,,,,,,,,,
,,,,,,,,,
,,,,,,,,,
,,,,,,,,,
,,,,,,,,,
,,,,,,,,,
,,,,,,,,,
,,,,,,,,,
,,,,,,,,,
,,,,,,,,,
,,,,,,,,,
,,,,,,,,,
,,,,,,,,,
,,,,,,,,,
,,,,,,,,,
,,,,,,,,,
,,,,,,,,,
,,,,,,,,,
,,,,,,,,,
,,,,,,,,,
,,,,,,,,,
,,,,,,,,,
,,,,,,,,,
,,,,,,,,,
,,,,,,,,,
,,,,,,,,,
,,,,,,,,,
,,,,,,,,,
,,,,,,,,,
,,,,,,,,,
,,,,,,,,,
,,,,,,,,,
,,,,,,,,,
,,,,,,,,,
,,,,,,,,,
,,,,,,,,,
,,,,,,,,,
,,,,,,,,,
,,,,,,,,,
,,,,,,,,,
,,,,,,,,,
,,,,,,,,,
,,,,,,,,,
,,,,,,,,,
,,,,,,,,,
,,,,,,,,,
,,,,,,,,,
,,,,,,,,,
,,,,,,,,,
,,,,,,,,,
,,,,,,,,,
,,,,,,,,,
,,,,,,,,,
,,,,,,,,,
,,,,,,,,,
,,,,,,,,,
,,,,,,,,,
,,,,,,,,,
,,,,,,,,,
,,,,,,,,,
,,,,,,,,,
,,,,,,,,,
,,,,,,,,,
,,,,,,,,,
,,,,,,,,,
,,,,,,,,,
,,,,,,,,,
,,,,,,,,,
,,,,,,,,,
,,,,,,,,,
,,,,,,,,,
,,,,,,,,,
,,,,,,,,,
,,,,,,,,,
,,,,,,,,,
,,,,,,,,,
,,,,,,,,,
,,,,,,,,,
,,,,,,,,,
,,,,,,,,,
,,,,,,,,,
,,,,,,,,,
,,,,,,,,,
,,,,,,,,,
,,,,,,,,,
,,,,,,,,,
,,,,,,,,,
,,,,,,,,,
,,,,,,,,,
,,,,,,,,,
,,,,,,,,,
,,,,,,,,,
,,,,,,,,,
,,,,,,,,,
,,,,,,,,,
,,,,,,,,,
,,,,,,,,,
,,,,,,,,,
,,,,,,,,,
,,,,,,,,,
,,,,,,,,,
,,,,,,,,,
,,,,,,,,,
,,,,,,,,,
,,,,,,,,,
,,,,,,,,,
,,,,,,,,,
,,,,,,,,,
,,,,,,,,,
,,,,,,,,,
,,,,,,,,,
,,,,,,,,,
,,,,,,,,,
,,,,,,,,,
,,,,,,,,,
,,,,,,,,,
,,,,,,,,,
,,,,,,,,,
,,,,,,,,,
,,,,,,,,,
,,,,,,,,,
,,,,,,,,,
,,,,,,,,,
,,,,,,,,,
,,,,,,,,,
,,,,,,,,,
,,,,,,,,,
,,,,,,,,,
,,,,,,,,,
,,,,,,,,,
,,,,,,,,,
,,,,,,,,,
,,,,,,,,,
,,,,,,,,,
,,,,,,,,,
,,,,,,,,,
,,,,,,,,,
,,,,,,,,,
,,,,,,,,,
,,,,,,,,,
,,,,,,,,,
,,,,,,,,,
,,,,,,,,,
,,,,,,,,,
,,,,,,,,,
,,,,,,,,,
,,,,,,,,,
,,,,,,,,,
,,,,,,,,,
,,,,,,,,,
,,,,,,,,,
,,,,,,,,,
,,,,,,,,,
,,,,,,,,,
,,,,,,,,,
,,,,,,,,,
,,,,,,,,,
,,,,,,,,,
,,,,,,,,,
,,,,,,,,,
,,,,,,,,,
,,,,,,,,,
,,,,,,,,,
,,,,,,,,,
,,,,,,,,,
,,,,,,,,,
,,,,,,,,,
,,,,,,,,,
,,,,,,,,,
,,,,,,,,,
,,,,,,,,,
,,,,,,,,,
,,,,,,,,,
,,,,,,,,,
,,,,,,,,,
,,,,,,,,,
,,,,,,,,,
,,,,,,,,,
,,,,,,,,,
,,,,,,,,,
,,,,,,,,,
,,,,,,,,,
,,,,,,,,,
,,,,,,,,,
,,,,,,,,,
,,,,,,,,,
